{
    "AP-BA IMPUTED KNN.csv": [
        29473690.27982644,
        17029782.845469218
    ],
    "BA-PA IMPUTED KNN.csv": [
        21091187.148130227,
        10422309.92036766
    ],
    "CE-RO IMPUTED KNN.csv": [
        13092439.724807391,
        6866373.766431926
    ],
    "ES-PR IMPUTED KNN.csv": [
        13481736.315293899,
        8353826.5208682995
    ],
    "GO-SE IMPUTED KNN.csv": [
        12103804.69964466,
        6692176.593898753
    ],
    "MA-RJ IMPUTED KNN.csv": [
        42464473.918686725,
        23438849.926226277
    ],
    "PB-ES IMPUTED KNN.csv": [
        27720196.877734262,
        14633582.613948073
    ],
    "RO-SE IMPUTED KNN.csv": [
        8479673.054266425,
        4849610.865313218
    ],
    "AP-BA IMPUTED LINEAR_INTERPOLATION.csv": [
        32469031.32197836,
        22379935.250553317
    ],
    "BA-PA IMPUTED LINEAR_INTERPOLATION.csv": [
        25862286.728590928,
        16042313.275268279
    ],
    "CE-RO IMPUTED LINEAR_INTERPOLATION.csv": [
        14432124.24592373,
        8650230.535446009
    ],
    "ES-PR IMPUTED LINEAR_INTERPOLATION.csv": [
        14279594.158488676,
        9260891.486406611
    ],
    "GO-SE IMPUTED LINEAR_INTERPOLATION.csv": [
        12973520.792851262,
        8106088.669859693
    ],
    "MA-RJ IMPUTED LINEAR_INTERPOLATION.csv": [
        45697913.082579285,
        27675452.058871306
    ],
    "PB-ES IMPUTED LINEAR_INTERPOLATION.csv": [
        28774986.693740487,
        16407293.457746476
    ],
    "RO-SE IMPUTED LINEAR_INTERPOLATION.csv": [
        8514557.973662663,
        5551584.438883312
    ],
    "AP-BA IMPUTED ROLLING_AVERAGE.csv": [
        33867699.8102605,
        21349616.457370862
    ],
    "BA-PA IMPUTED ROLLING_AVERAGE.csv": [
        27446415.67853464,
        16312106.266869381
    ],
    "CE-RO IMPUTED ROLLING_AVERAGE.csv": [
        15011339.37295024,
        9173261.387888001
    ],
    "ES-PR IMPUTED ROLLING_AVERAGE.csv": [
        14079601.995146863,
        8720741.66102709
    ],
    "GO-SE IMPUTED ROLLING_AVERAGE.csv": [
        12663539.135911426,
        7672214.288595105
    ],
    "MA-RJ IMPUTED ROLLING_AVERAGE.csv": [
        46585945.54372721,
        29882994.976716712
    ],
    "PB-ES IMPUTED ROLLING_AVERAGE.csv": [
        29354952.419317607,
        16326712.758119127
    ],
    "RO-SE IMPUTED ROLLING_AVERAGE.csv": [
        8760358.101275014,
        5454759.297043893
    ],
    "AP-BA IMPUTED ROLLING_MEDIAN.csv": [
        33773044.52447027,
        21588200.896126784
    ],
    "BA-PA IMPUTED ROLLING_MEDIAN.csv": [
        28494419.067369603,
        17396882.30985916
    ],
    "CE-RO IMPUTED ROLLING_MEDIAN.csv": [
        15099753.421975818,
        9213250.142018782
    ],
    "ES-PR IMPUTED ROLLING_MEDIAN.csv": [
        14047245.222378518,
        8564465.828605197
    ],
    "GO-SE IMPUTED ROLLING_MEDIAN.csv": [
        12842491.151765158,
        7879520.046099292
    ],
    "MA-RJ IMPUTED ROLLING_MEDIAN.csv": [
        47416132.11310267,
        30901261.31205673
    ],
    "PB-ES IMPUTED ROLLING_MEDIAN.csv": [
        29539377.117461152,
        16445369.983568074
    ],
    "RO-SE IMPUTED ROLLING_MEDIAN.csv": [
        8745209.21301728,
        5509142.242957765
    ],
    "AP-BA IMPUTED SVD.csv": [
        29767554.603316013,
        20647850.937401313
    ],
    "BA-PA IMPUTED SVD.csv": [
        18969828.722292002,
        12234321.906134887
    ],
    "CE-RO IMPUTED SVD.csv": [
        13157714.398552852,
        7433802.3138753
    ],
    "ES-PR IMPUTED SVD.csv": [
        12905212.61304491,
        7688779.8571422
    ],
    "GO-SE IMPUTED SVD.csv": [
        9974694.51415521,
        6512639.627185215
    ],
    "MA-RJ IMPUTED SVD.csv": [
        41174739.10049954,
        25332819.56607872
    ],
    "PB-ES IMPUTED SVD.csv": [
        27692266.86380589,
        14808104.733740514
    ],
    "RO-SE IMPUTED SVD.csv": [
        8242131.429068547,
        5270560.575080533
    ]
}